https://www.facebook.com/profile.php?id=100009356560719,https://scontent-tpe1-1.xx.fbcdn.net/v/t1.6435-9/62142419_2390480204607175_6394739848820817920_n.jpg?_nc_cat=105&ccb=1-7&_nc_sid=09cbfe&_nc_ohc=2UQY-RR89GMAX9jamCJ&_nc_ht=scontent-tpe1-1.xx&oh=00_AfComjwrz1ohl2it_IYcLh8QSobh7si0WxOFwmLT9_0O7w&oe=63BE40F4
https://www.facebook.com/profile.php?id=100073936390943,https://scontent-tpe1-1.xx.fbcdn.net/v/t39.30808-6/245671409_104214608719752_6967469350112891023_n.jpg?_nc_cat=104&ccb=1-7&_nc_sid=e3f864&_nc_ohc=cF-uuu7YjhIAX_k_qcn&_nc_ht=scontent-tpe1-1.xx&oh=00_AfB4Ve43r9aQU007Zd0nzaTnY7cnPRw6jog2TIc75Dvrdw&oe=639BC157
https://www.facebook.com/minh.ngao,https://scontent-tpe1-1.xx.fbcdn.net/v/t31.18172-8/1403196_10200765562327292_1828723688_o.jpg?_nc_cat=103&ccb=1-7&_nc_sid=09cbfe&_nc_ohc=etYAK0iRycYAX8-UoDq&_nc_ht=scontent-tpe1-1.xx&oh=00_AfC44BG6APgPoCSQHbKfKchGLLiaQvD5bEwNahq3Ipwlew&oe=63BE3169
https://www.facebook.com/huyentmqt,https://scontent-tpe1-1.xx.fbcdn.net/v/t39.30808-6/314906050_6021236451221225_7286940080519434827_n.jpg?_nc_cat=108&ccb=1-7&_nc_sid=09cbfe&_nc_ohc=3YfGRs74xrEAX9r_EOw&_nc_ht=scontent-tpe1-1.xx&oh=00_AfAWCXk6MkPoa0YCK9_aGCSInuRCYCqZOCajLYrq-rL16Q&oe=639B1378
https://www.facebook.com/profile.php?id=100009356560719,https://scontent-tpe1-1.xx.fbcdn.net/v/t1.6435-9/62142419_2390480204607175_6394739848820817920_n.jpg?_nc_cat=105&ccb=1-7&_nc_sid=09cbfe&_nc_ohc=2UQY-RR89GMAX9jamCJ&_nc_ht=scontent-tpe1-1.xx&oh=00_AfComjwrz1ohl2it_IYcLh8QSobh7si0WxOFwmLT9_0O7w&oe=63BE40F4
https://www.facebook.com/profile.php?id=100073936390943,https://scontent-tpe1-1.xx.fbcdn.net/v/t39.30808-6/245671409_104214608719752_6967469350112891023_n.jpg?_nc_cat=104&ccb=1-7&_nc_sid=e3f864&_nc_ohc=cF-uuu7YjhIAX_k_qcn&_nc_ht=scontent-tpe1-1.xx&oh=00_AfB4Ve43r9aQU007Zd0nzaTnY7cnPRw6jog2TIc75Dvrdw&oe=639BC157
https://www.facebook.com/minh.ngao,https://scontent-tpe1-1.xx.fbcdn.net/v/t31.18172-8/1403196_10200765562327292_1828723688_o.jpg?_nc_cat=103&ccb=1-7&_nc_sid=09cbfe&_nc_ohc=etYAK0iRycYAX8-UoDq&_nc_ht=scontent-tpe1-1.xx&oh=00_AfC44BG6APgPoCSQHbKfKchGLLiaQvD5bEwNahq3Ipwlew&oe=63BE3169
https://www.facebook.com/huyentmqt,https://scontent-tpe1-1.xx.fbcdn.net/v/t39.30808-6/314906050_6021236451221225_7286940080519434827_n.jpg?_nc_cat=108&ccb=1-7&_nc_sid=09cbfe&_nc_ohc=3YfGRs74xrEAX9r_EOw&_nc_ht=scontent-tpe1-1.xx&oh=00_AfAWCXk6MkPoa0YCK9_aGCSInuRCYCqZOCajLYrq-rL16Q&oe=639B1378
https://www.facebook.com/profile.php?id=100009356560719,https://scontent-tpe1-1.xx.fbcdn.net/v/t1.6435-9/62142419_2390480204607175_6394739848820817920_n.jpg?_nc_cat=105&ccb=1-7&_nc_sid=09cbfe&_nc_ohc=2UQY-RR89GMAX9jamCJ&_nc_ht=scontent-tpe1-1.xx&oh=00_AfComjwrz1ohl2it_IYcLh8QSobh7si0WxOFwmLT9_0O7w&oe=63BE40F4
https://www.facebook.com/profile.php?id=100073936390943,https://scontent-tpe1-1.xx.fbcdn.net/v/t39.30808-6/245671409_104214608719752_6967469350112891023_n.jpg?_nc_cat=104&ccb=1-7&_nc_sid=e3f864&_nc_ohc=cF-uuu7YjhIAX_k_qcn&_nc_ht=scontent-tpe1-1.xx&oh=00_AfB4Ve43r9aQU007Zd0nzaTnY7cnPRw6jog2TIc75Dvrdw&oe=639BC157
https://www.facebook.com/minh.ngao,https://scontent-tpe1-1.xx.fbcdn.net/v/t31.18172-8/1403196_10200765562327292_1828723688_o.jpg?_nc_cat=103&ccb=1-7&_nc_sid=09cbfe&_nc_ohc=etYAK0iRycYAX8-UoDq&_nc_ht=scontent-tpe1-1.xx&oh=00_AfC44BG6APgPoCSQHbKfKchGLLiaQvD5bEwNahq3Ipwlew&oe=63BE3169
https://www.facebook.com/huyentmqt,https://scontent-tpe1-1.xx.fbcdn.net/v/t39.30808-6/314906050_6021236451221225_7286940080519434827_n.jpg?_nc_cat=108&ccb=1-7&_nc_sid=09cbfe&_nc_ohc=3YfGRs74xrEAX9r_EOw&_nc_ht=scontent-tpe1-1.xx&oh=00_AfAWCXk6MkPoa0YCK9_aGCSInuRCYCqZOCajLYrq-rL16Q&oe=639B1378
